<?xml version="1.0" encoding="UTF-8"?>
<beans:beans xmlns="http://www.springframework.org/schema/mvc"
	xmlns:xsi="http://www.w3.org/2001/XMLSchema-instance"
	xmlns:beans="http://www.springframework.org/schema/beans"
	xmlns:context="http://www.springframework.org/schema/context"
	xsi:schemaLocation="http://www.springframework.org/schema/mvc https://www.springframework.org/schema/mvc/spring-mvc.xsd
		http://www.springframework.org/schema/beans https://www.springframework.org/schema/beans/spring-beans.xsd
		http://www.springframework.org/schema/context https://www.springframework.org/schema/context/spring-context.xsd">

	<!-- DispatcherServlet Context: 이 서블릿의 요청 처리 인프라를 정의합니다. -->
	<!-- DispatcherServlet Context: defines this servlet's request-processing infrastructure -->
	
	<!-- Spring MVC @Controller 프로그래밍 모델을 활성화합니다 -->
	<!-- Enables the Spring MVC @Controller programming model -->
	<annotation-driven />

	<!-- ${webappRoot}/resources 디렉터리의 정적 리소스를 효율적으로 제공하여 /resources/**에 대한 HTTP GET 요청을 처리합니다 -->
	<!-- Handles HTTP GET requests for /resources/** by efficiently serving up static resources in the ${webappRoot}/resources directory -->
	<resources mapping="/resources/**" location="/resources/" />

	<!-- Resolves views selected for rendering by @Controllers to .jsp resources in the /WEB-INF/views directory -->
	<!-- @Controller가 렌더링하기 위해 선택한 뷰를 /WEB-INF/views 디렉터리의 .jsp 리소스로 확인합니다 -->
	<beans:bean class="org.springframework.web.servlet.view.InternalResourceViewResolver">
		<beans:property name="prefix" value="/WEB-INF/views/" />
		<beans:property name="suffix" value=".jsp" />
	</beans:bean>
	
	<context:component-scan base-package="aa.bb.tt" />
	
	
	<beans:bean id="multipartResolver" class="org.springframework.web.multipart.commons.CommonsMultipartResolver">     
      <beans:property name="maxUploadSize" value="10485760" />  <!--  10M   1024byte * 1024  1mbyte  *10  = 10M -->
      <beans:property name="defaultEncoding" value="utf-8" />   <!--  l024byte =>1kbyte   , 1024kbyte == >1M   *10   =>10M -->
   </beans:bean>
	
</beans:beans>
